age,experience_years,load_weight_kg,carrying_duration_min,posture_score,floor_condition,lighting,safety_gear,injury_severity
56,1,34,100,3,Uneven,Poor,No,10.0
46,13,39,170,9,Uneven,Good,Yes,10.0
32,12,23,76,5,Even,Good,Yes,5.0
25,28,12,66,8,Uneven,Poor,No,9.0
38,11,30,10,9,Uneven,Poor,No,6.0
56,1,44,36,5,Uneven,Poor,No,8.0
36,31,11,103,9,Even,Poor,No,10.0
40,12,34,142,2,Uneven,Good,Yes,8.0
28,26,11,135,9,Even,Poor,Yes,6.0
28,16,7,80,4,Uneven,Good,Yes,7.0
41,30,5,63,6,Uneven,Good,Yes,3.0
53,33,40,35,6,Even,Poor,Yes,4.0
57,23,29,97,6,Uneven,Poor,No,9.0
41,34,41,73,2,Even,Poor,Yes,3.0
20,5,5,56,7,Uneven,Good,No,3.0
39,18,19,93,6,Even,Good,No,4.0
19,29,41,131,1,Uneven,Good,No,6.0
41,6,17,173,2,Uneven,Good,Yes,8.0
47,9,44,35,7,Uneven,Poor,No,6.0
55,31,12,88,1,Even,Good,Yes,0.0
19,33,9,131,1,Even,Good,No,5.0
38,27,13,154,1,Even,Poor,Yes,8.0
50,14,5,136,8,Uneven,Good,No,7.0
29,29,40,17,4,Even,Good,Yes,2.0
39,28,39,49,4,Even,Poor,No,6.0
42,21,6,131,2,Even,Good,No,6.0
44,3,44,174,1,Even,Good,No,8.0
59,19,27,118,9,Even,Good,No,9.0
45,31,13,24,7,Even,Good,Yes,1.0
33,3,38,85,4,Even,Poor,Yes,6.0
32,26,18,168,6,Even,Good,Yes,4.0
20,16,8,133,2,Even,Poor,No,10.0
54,11,34,147,7,Even,Good,No,8.0
24,21,35,21,2,Uneven,Poor,No,4.0
38,16,42,156,8,Uneven,Poor,No,10.0
26,9,15,62,8,Even,Poor,No,4.0
56,0,39,76,1,Uneven,Good,No,9.0
35,21,12,113,8,Uneven,Good,Yes,3.0
21,25,7,27,2,Even,Good,Yes,1.0
42,17,18,178,6,Even,Poor,Yes,8.0
31,13,17,76,1,Even,Good,Yes,6.0
26,28,49,12,5,Uneven,Good,Yes,4.0
43,11,36,63,7,Even,Good,Yes,5.0
19,34,38,115,1,Uneven,Good,Yes,7.0
37,11,49,17,2,Even,Poor,Yes,0.0
45,6,23,171,7,Uneven,Poor,No,9.0
24,28,42,160,6,Uneven,Good,No,9.0
25,10,20,20,3,Even,Good,No,6.0
52,32,6,123,2,Even,Good,No,6.0
31,5,44,6,4,Uneven,Poor,No,3.0
34,14,21,149,3,Uneven,Good,No,9.0
53,31,38,34,7,Even,Poor,No,5.0
57,10,46,107,8,Even,Poor,Yes,7.0
21,22,20,17,2,Uneven,Good,Yes,5.0
19,25,42,100,7,Even,Good,No,9.0
23,33,6,98,8,Uneven,Good,Yes,6.0
59,33,6,86,6,Even,Poor,Yes,5.0
21,28,30,17,6,Even,Poor,Yes,4.0
46,3,17,175,1,Even,Good,Yes,5.0
35,16,35,98,4,Uneven,Poor,Yes,9.0
43,34,38,153,1,Even,Good,No,6.0
51,12,43,116,4,Uneven,Good,Yes,7.0
27,14,7,59,2,Even,Poor,No,2.0
53,28,12,85,5,Uneven,Poor,No,6.0
31,28,27,172,9,Uneven,Poor,No,10.0
48,10,18,120,3,Even,Poor,Yes,8.0
32,31,31,147,8,Uneven,Good,No,9.0
25,1,33,112,3,Uneven,Good,No,9.0
31,13,43,57,6,Uneven,Good,No,9.0
40,19,43,132,4,Uneven,Poor,No,6.0
57,21,5,162,8,Even,Good,Yes,7.0
38,10,21,165,6,Even,Poor,No,10.0
33,26,45,61,8,Even,Poor,No,8.0
35,2,34,56,1,Uneven,Poor,No,10.0
41,16,17,141,6,Uneven,Good,No,2.0
43,27,25,115,1,Even,Poor,Yes,6.0
42,28,23,5,1,Even,Poor,No,5.0
58,20,23,48,8,Uneven,Poor,No,9.0
46,15,29,79,7,Even,Poor,No,6.0
32,19,26,102,3,Even,Poor,No,4.0
18,5,35,13,6,Uneven,Poor,No,6.0
42,18,21,36,9,Even,Poor,No,5.0
24,4,27,19,7,Uneven,Poor,Yes,8.0
26,2,36,144,3,Even,Poor,No,5.0
41,0,14,140,6,Uneven,Poor,Yes,8.0
18,14,14,76,4,Uneven,Poor,Yes,4.0
25,33,40,159,3,Uneven,Poor,No,10.0
41,34,12,16,9,Uneven,Good,Yes,4.0
28,24,24,69,2,Uneven,Good,No,6.0
34,23,36,111,1,Even,Poor,Yes,7.0
25,11,18,46,2,Even,Poor,No,6.0
52,17,32,119,7,Even,Poor,Yes,7.0
52,14,28,143,1,Uneven,Good,Yes,7.0
50,15,19,107,6,Even,Good,No,5.0
22,26,26,175,7,Uneven,Good,Yes,9.0
59,7,34,99,9,Uneven,Poor,Yes,7.0
56,24,8,21,8,Even,Poor,Yes,4.0
58,16,17,164,6,Uneven,Poor,Yes,10.0
45,28,27,89,3,Even,Poor,Yes,7.0
24,7,12,172,8,Uneven,Good,No,9.0
26,14,22,155,7,Uneven,Poor,Yes,7.0
25,26,16,60,3,Even,Good,Yes,3.0
29,6,35,138,9,Uneven,Good,No,8.0
51,2,18,90,2,Even,Poor,No,6.0
50,28,38,106,3,Uneven,Good,No,6.0
40,23,22,169,2,Even,Good,Yes,10.0
41,2,38,58,1,Uneven,Good,Yes,9.0
54,19,15,119,4,Even,Good,Yes,4.0
52,14,45,143,5,Even,Poor,Yes,7.0
57,24,16,92,6,Uneven,Poor,No,6.0
39,29,19,53,5,Even,Good,No,0.0
44,13,35,153,1,Uneven,Poor,Yes,9.0
52,6,33,119,3,Uneven,Good,Yes,9.0
18,16,30,67,1,Even,Poor,Yes,9.0
52,19,22,108,5,Even,Poor,Yes,6.0
54,8,36,87,5,Even,Poor,No,6.0
31,21,26,107,6,Even,Poor,No,6.0
20,1,42,160,8,Even,Poor,Yes,6.0
18,23,21,21,1,Uneven,Good,No,6.0
22,7,27,10,4,Even,Poor,Yes,3.0
43,10,28,151,1,Uneven,Good,Yes,9.0
31,12,12,32,9,Even,Good,No,2.0
56,16,45,42,7,Even,Poor,Yes,7.0
44,7,10,123,7,Even,Good,No,5.0
26,20,9,41,5,Uneven,Poor,Yes,5.0
32,17,48,119,7,Even,Good,No,9.0
32,29,33,72,2,Uneven,Good,Yes,5.0
43,17,32,47,4,Uneven,Poor,No,6.0
59,30,15,168,7,Uneven,Poor,Yes,8.0
30,31,5,62,3,Even,Poor,Yes,2.0
49,10,47,17,2,Uneven,Poor,No,6.0
56,24,23,56,2,Even,Good,Yes,3.0
49,32,13,62,1,Uneven,Poor,No,4.0
21,7,31,36,5,Even,Good,No,5.0
47,10,38,109,6,Uneven,Good,Yes,7.0
54,21,48,87,6,Even,Good,Yes,9.0
40,23,8,103,9,Even,Good,Yes,4.0
56,16,40,108,4,Even,Good,Yes,7.0
32,11,22,32,1,Uneven,Good,No,7.0
46,31,19,133,6,Uneven,Poor,Yes,5.0
53,14,17,174,5,Even,Good,Yes,8.0
30,15,23,52,6,Uneven,Good,Yes,6.0
49,21,10,44,3,Uneven,Good,No,4.0
24,27,16,101,2,Uneven,Poor,Yes,6.0
39,19,41,118,6,Uneven,Poor,No,10.0
45,32,21,136,1,Uneven,Good,Yes,8.0
19,9,27,170,7,Uneven,Poor,No,8.0
59,31,30,159,7,Uneven,Good,Yes,7.0
23,32,33,141,7,Even,Poor,Yes,8.0
45,1,37,115,1,Even,Good,No,8.0
45,32,31,148,4,Uneven,Poor,Yes,9.0
37,32,29,80,7,Even,Poor,Yes,5.0
47,12,14,35,9,Even,Poor,Yes,1.0
28,29,27,123,5,Even,Good,No,7.0
45,32,25,146,2,Uneven,Good,Yes,7.0
42,12,25,29,7,Uneven,Good,No,3.0
56,25,47,38,1,Uneven,Poor,No,10.0
50,21,17,71,7,Uneven,Poor,No,9.0
18,1,41,156,6,Uneven,Good,Yes,6.0
44,25,37,122,7,Even,Poor,No,10.0
30,14,28,77,3,Uneven,Good,No,7.0
58,33,48,30,3,Even,Good,Yes,6.0
20,10,15,152,7,Uneven,Good,No,10.0
56,2,21,108,2,Even,Good,No,5.0
23,5,8,14,1,Uneven,Poor,Yes,5.0
25,8,29,71,9,Uneven,Poor,Yes,8.0
44,5,34,156,9,Uneven,Poor,No,10.0
26,8,13,9,7,Uneven,Good,Yes,6.0
54,30,25,31,7,Uneven,Poor,Yes,4.0
50,31,24,117,3,Uneven,Good,Yes,6.0
59,11,23,19,2,Even,Good,No,3.0
41,7,23,167,7,Uneven,Good,No,8.0
32,7,16,109,9,Even,Good,Yes,5.0
49,27,41,48,1,Uneven,Good,No,7.0
49,19,46,30,4,Even,Good,Yes,2.0
41,6,21,179,6,Even,Poor,Yes,9.0
58,10,41,166,7,Even,Poor,Yes,9.0
29,19,43,99,7,Even,Poor,Yes,7.0
56,15,32,88,2,Even,Poor,Yes,5.0
19,3,45,144,4,Even,Good,No,10.0
20,5,39,136,5,Uneven,Good,No,10.0
54,21,22,91,1,Even,Poor,No,6.0
34,25,18,116,1,Uneven,Poor,No,6.0
19,2,39,133,3,Uneven,Poor,Yes,9.0
19,13,48,93,3,Even,Poor,Yes,7.0
45,10,45,70,8,Even,Poor,No,9.0
40,17,11,162,9,Uneven,Poor,No,10.0
54,11,45,135,1,Even,Poor,Yes,9.0
49,22,17,126,2,Even,Poor,Yes,5.0
50,11,22,153,2,Even,Good,Yes,5.0
18,12,41,88,4,Even,Good,No,5.0
36,24,17,120,2,Even,Good,Yes,7.0
19,18,40,120,7,Even,Good,Yes,5.0
43,7,35,42,9,Even,Poor,No,4.0
49,28,6,147,7,Uneven,Good,No,10.0
23,31,20,114,6,Even,Poor,No,5.0
49,17,13,50,1,Uneven,Good,Yes,3.0
21,5,13,29,9,Uneven,Poor,Yes,4.0
28,17,42,25,5,Uneven,Poor,No,7.0
34,18,15,125,5,Uneven,Good,Yes,6.0
55,21,26,126,6,Even,Good,Yes,8.0
41,31,37,137,9,Uneven,Poor,Yes,10.0
22,2,40,74,8,Uneven,Poor,No,10.0
51,27,49,117,8,Uneven,Poor,No,10.0
23,9,27,111,8,Uneven,Good,Yes,5.0
39,34,49,116,1,Uneven,Good,Yes,8.0
28,28,49,112,1,Even,Poor,Yes,7.0
33,14,38,51,8,Even,Good,Yes,5.0
50,32,13,95,5,Uneven,Poor,No,9.0
26,6,28,22,9,Even,Good,No,10.0
23,11,12,153,2,Even,Good,Yes,7.0
33,29,11,108,9,Uneven,Good,Yes,9.0
46,20,40,155,8,Uneven,Good,No,10.0
20,30,22,44,9,Uneven,Good,Yes,6.0
37,23,7,142,4,Even,Poor,No,6.0
53,19,32,93,1,Uneven,Poor,Yes,10.0
36,3,10,65,1,Even,Good,No,5.0
43,27,48,9,5,Even,Poor,Yes,4.0
20,19,48,126,2,Even,Poor,Yes,5.0
36,23,25,59,8,Uneven,Good,No,5.0
37,31,32,41,5,Even,Poor,No,9.0
49,33,44,60,5,Uneven,Good,Yes,2.0
24,1,5,106,2,Uneven,Poor,Yes,6.0
58,14,40,97,7,Uneven,Poor,No,6.0
50,33,25,77,8,Uneven,Poor,No,7.0
57,5,47,63,1,Uneven,Poor,Yes,10.0
56,11,39,6,2,Even,Poor,Yes,5.0
35,2,17,108,4,Even,Poor,No,5.0
57,17,14,55,5,Even,Poor,No,4.0
18,20,48,34,2,Even,Good,No,6.0
28,14,14,15,1,Even,Good,No,2.0
45,32,17,112,9,Uneven,Good,No,9.0
42,34,41,80,1,Uneven,Good,Yes,6.0
40,25,42,171,4,Even,Poor,Yes,9.0
48,7,28,94,2,Even,Poor,No,10.0
47,29,6,127,4,Even,Poor,Yes,7.0
59,22,26,129,8,Uneven,Good,Yes,5.0
52,13,21,126,8,Uneven,Good,No,10.0
24,13,40,98,9,Uneven,Good,Yes,5.0
33,1,18,107,5,Even,Poor,Yes,5.0
43,4,14,166,7,Even,Good,Yes,4.0
19,13,39,35,3,Even,Poor,No,4.0
18,24,29,56,4,Even,Good,No,6.0
29,19,7,93,9,Uneven,Poor,Yes,7.0
22,1,42,80,1,Even,Good,Yes,3.0
54,5,21,133,2,Even,Poor,Yes,5.0
49,16,16,26,5,Even,Good,Yes,1.0
26,24,28,44,3,Uneven,Good,Yes,2.0
58,27,33,105,2,Uneven,Poor,Yes,10.0
52,1,47,115,1,Even,Poor,No,9.0
36,34,29,133,3,Uneven,Good,Yes,6.0
33,4,40,69,1,Uneven,Poor,Yes,8.0
20,0,30,174,1,Uneven,Good,No,10.0
37,11,42,153,1,Uneven,Poor,Yes,10.0
41,22,5,83,8,Uneven,Good,Yes,5.0
50,30,24,26,3,Even,Poor,Yes,3.0
41,10,32,170,1,Even,Good,Yes,9.0
28,9,20,103,7,Even,Good,No,7.0
25,2,21,12,3,Uneven,Good,Yes,5.0
53,13,44,179,8,Uneven,Poor,No,10.0
55,15,32,21,4,Uneven,Good,Yes,4.0
57,9,16,21,4,Uneven,Poor,Yes,5.0
37,28,31,94,5,Even,Poor,No,2.0
52,9,46,145,6,Even,Poor,Yes,7.0
42,11,34,149,7,Even,Good,No,10.0
52,29,45,170,4,Even,Poor,No,8.0
42,0,38,85,8,Even,Poor,No,10.0
46,4,41,82,6,Even,Poor,Yes,2.0
35,19,10,177,1,Uneven,Good,Yes,6.0
35,7,11,10,1,Uneven,Poor,Yes,6.0
19,11,36,167,9,Even,Poor,Yes,10.0
52,0,36,114,6,Uneven,Poor,No,8.0
33,19,29,18,8,Even,Poor,Yes,6.0
58,27,37,76,7,Even,Good,Yes,4.0
53,11,11,147,6,Uneven,Good,No,9.0
50,27,16,58,4,Even,Poor,No,6.0
21,14,20,31,7,Even,Poor,Yes,4.0
50,5,20,17,9,Even,Poor,No,3.0
31,19,47,163,7,Uneven,Poor,No,10.0
38,13,40,167,1,Uneven,Good,No,9.0
37,1,17,64,9,Uneven,Good,No,6.0
25,8,11,10,4,Uneven,Good,No,5.0
24,19,40,62,3,Even,Good,Yes,6.0
20,25,13,53,4,Uneven,Poor,Yes,2.0
34,28,36,155,4,Uneven,Poor,Yes,10.0
50,0,15,166,2,Uneven,Good,Yes,6.0
29,34,12,30,1,Even,Good,Yes,2.0
39,5,37,51,1,Uneven,Poor,Yes,8.0
39,4,27,9,8,Uneven,Poor,Yes,6.0
47,32,29,24,2,Even,Poor,No,5.0
55,13,12,138,5,Even,Poor,Yes,5.0
55,11,49,63,4,Even,Poor,Yes,4.0
25,19,26,150,8,Even,Good,Yes,6.0
44,23,8,136,2,Uneven,Good,No,10.0
44,33,44,21,9,Even,Poor,Yes,8.0
51,24,7,18,7,Uneven,Poor,Yes,3.0
38,28,33,17,7,Uneven,Good,No,8.0
47,30,45,139,1,Uneven,Poor,Yes,10.0
50,22,33,132,2,Uneven,Good,Yes,7.0
45,19,38,48,4,Uneven,Good,No,7.0
50,22,38,123,4,Even,Good,Yes,5.0
22,15,32,147,3,Uneven,Good,No,6.0
36,7,17,23,7,Uneven,Poor,Yes,4.0
21,20,19,67,8,Uneven,Poor,Yes,5.0
52,0,27,167,2,Even,Good,Yes,7.0
34,7,48,85,4,Uneven,Poor,No,8.0
45,28,30,167,3,Uneven,Poor,No,10.0
47,31,8,151,2,Even,Poor,No,6.0
46,4,30,152,6,Uneven,Poor,Yes,9.0
23,21,44,104,4,Uneven,Good,Yes,6.0
52,33,13,167,6,Even,Poor,No,7.0
58,0,9,164,2,Uneven,Good,No,10.0
54,25,36,126,4,Uneven,Good,Yes,10.0
41,9,24,48,6,Uneven,Poor,Yes,4.0
46,29,15,108,5,Uneven,Good,Yes,8.0
48,17,19,156,3,Uneven,Poor,Yes,8.0
52,16,36,65,8,Even,Poor,No,8.0
50,25,32,129,7,Even,Good,Yes,8.0
38,7,26,149,3,Even,Poor,Yes,7.0
49,11,45,75,6,Uneven,Good,Yes,6.0
40,26,21,111,4,Uneven,Good,Yes,9.0
50,7,30,54,5,Uneven,Poor,Yes,7.0
20,24,48,69,5,Even,Poor,Yes,6.0
35,3,11,103,7,Uneven,Poor,Yes,10.0
42,32,46,36,5,Uneven,Good,No,4.0
59,0,30,168,3,Uneven,Poor,No,8.0
48,18,29,145,5,Even,Good,No,10.0
20,30,14,62,7,Even,Good,Yes,3.0
57,15,49,132,5,Uneven,Poor,No,10.0
41,13,23,146,5,Uneven,Poor,Yes,9.0
49,4,15,169,9,Uneven,Poor,Yes,10.0
39,25,17,116,3,Even,Good,Yes,6.0
40,27,12,72,6,Even,Poor,Yes,4.0
19,1,44,44,1,Even,Good,No,4.0
44,5,8,148,5,Uneven,Poor,Yes,8.0
59,8,35,136,8,Even,Poor,Yes,9.0
19,32,32,177,5,Uneven,Good,No,7.0
43,24,15,94,9,Uneven,Good,No,8.0
34,12,47,32,6,Even,Poor,No,7.0
57,8,5,100,8,Uneven,Poor,Yes,6.0
50,12,42,35,8,Even,Poor,No,5.0
26,30,28,7,3,Uneven,Poor,Yes,3.0
56,10,35,140,7,Uneven,Poor,Yes,8.0
46,3,45,28,7,Even,Good,No,5.0
59,33,30,19,6,Uneven,Good,No,5.0
43,3,9,175,7,Uneven,Good,No,9.0
52,18,24,163,2,Uneven,Good,Yes,7.0
42,5,45,49,9,Uneven,Poor,Yes,5.0
41,33,15,12,1,Uneven,Good,Yes,1.0
30,17,37,75,1,Uneven,Good,Yes,8.0
24,12,42,112,3,Uneven,Good,Yes,8.0
53,22,31,119,3,Uneven,Poor,Yes,10.0
37,18,38,107,1,Even,Good,No,7.0
18,10,19,129,7,Even,Poor,Yes,7.0
25,0,36,61,4,Uneven,Good,No,6.0
33,23,25,34,2,Uneven,Poor,No,4.0
31,6,9,150,5,Even,Good,No,8.0
29,24,10,118,6,Uneven,Poor,No,8.0
40,20,42,121,9,Even,Good,No,7.0
32,14,26,171,4,Even,Poor,Yes,7.0
45,0,22,64,2,Even,Poor,Yes,7.0
51,11,18,102,5,Uneven,Good,Yes,9.0
19,6,14,175,3,Uneven,Poor,Yes,10.0
49,14,17,130,2,Uneven,Poor,No,9.0
40,20,35,177,1,Even,Good,No,10.0
39,18,34,155,2,Even,Good,No,7.0
42,28,7,98,6,Even,Poor,Yes,5.0
39,24,34,138,8,Uneven,Good,Yes,9.0
39,32,10,126,3,Even,Good,Yes,6.0
59,31,33,112,9,Even,Good,Yes,6.0
23,34,12,8,9,Uneven,Poor,No,3.0
32,25,48,97,2,Even,Poor,No,9.0
54,10,49,155,8,Even,Poor,Yes,10.0
50,34,47,10,5,Uneven,Poor,Yes,7.0
25,7,48,36,4,Uneven,Poor,No,10.0
22,13,37,110,5,Even,Poor,No,6.0
56,9,21,150,4,Uneven,Poor,No,10.0
21,1,15,19,8,Even,Good,No,5.0
23,8,17,172,4,Uneven,Poor,Yes,10.0
49,2,15,126,6,Even,Poor,No,5.0
47,20,35,100,2,Uneven,Good,No,6.0
52,25,32,10,5,Even,Good,No,2.0
57,7,48,116,6,Uneven,Good,No,5.0
33,1,10,124,5,Uneven,Poor,Yes,7.0
30,5,45,127,2,Uneven,Good,Yes,5.0
59,27,20,71,7,Uneven,Poor,Yes,6.0
47,28,8,110,4,Uneven,Poor,Yes,8.0
36,25,39,143,8,Uneven,Poor,Yes,10.0
34,24,30,47,7,Uneven,Good,Yes,8.0
36,11,16,149,7,Even,Good,No,8.0
45,4,15,100,9,Even,Poor,No,5.0
43,33,41,136,1,Uneven,Poor,No,9.0
54,14,29,85,6,Uneven,Poor,No,7.0
43,14,22,45,6,Even,Good,Yes,5.0
40,22,23,137,6,Even,Poor,No,9.0
26,5,27,164,6,Uneven,Good,Yes,7.0
29,20,42,39,7,Even,Poor,No,3.0
18,22,22,26,6,Even,Good,No,4.0
18,15,30,154,1,Uneven,Poor,No,9.0
51,14,10,116,3,Uneven,Good,Yes,8.0
49,24,8,15,2,Uneven,Good,No,2.0
42,10,48,7,6,Even,Good,Yes,3.0
57,14,33,141,8,Uneven,Good,Yes,8.0
18,3,38,64,3,Uneven,Good,No,6.0
33,20,21,80,8,Even,Good,Yes,3.0
56,12,47,91,8,Uneven,Poor,Yes,10.0
22,21,47,18,5,Even,Poor,No,3.0
39,18,20,22,8,Even,Poor,No,7.0
46,33,6,117,6,Even,Poor,No,7.0
20,13,38,77,5,Even,Good,No,7.0
29,3,12,27,9,Even,Poor,No,5.0
43,26,17,87,7,Even,Good,No,3.0
33,28,46,129,8,Uneven,Good,Yes,6.0
54,27,12,179,1,Uneven,Good,No,10.0
39,34,34,73,2,Uneven,Poor,No,8.0
46,7,36,51,8,Even,Good,Yes,2.0
31,15,40,120,9,Uneven,Poor,No,10.0
45,29,34,34,4,Even,Poor,Yes,4.0
22,17,5,29,9,Uneven,Poor,No,8.0
47,1,47,160,4,Even,Poor,No,9.0
22,12,43,116,9,Uneven,Poor,Yes,10.0
29,3,21,29,7,Even,Good,No,7.0
33,25,24,78,2,Uneven,Good,Yes,5.0
43,24,28,62,9,Even,Poor,No,8.0
43,29,26,98,4,Uneven,Good,No,9.0
38,10,33,123,8,Even,Poor,Yes,10.0
56,6,26,131,7,Uneven,Good,No,8.0
53,30,48,173,7,Uneven,Good,No,9.0
50,9,13,29,8,Uneven,Good,Yes,6.0
47,12,41,82,1,Even,Good,No,3.0
54,30,14,103,5,Even,Good,Yes,3.0
40,6,40,120,2,Even,Good,No,5.0
27,19,41,52,2,Even,Good,Yes,3.0
22,3,32,14,1,Even,Good,No,6.0
53,6,32,103,5,Uneven,Good,Yes,8.0
51,0,46,15,2,Even,Good,Yes,3.0
48,12,47,89,4,Uneven,Good,No,9.0
27,21,25,153,3,Uneven,Good,No,7.0
36,20,28,177,3,Even,Good,Yes,6.0
49,21,46,139,2,Uneven,Poor,No,10.0
18,27,44,130,6,Even,Good,Yes,7.0
22,8,6,68,2,Even,Good,No,2.0
21,25,12,6,8,Even,Good,No,0.0
33,8,31,80,8,Uneven,Good,Yes,7.0
41,14,26,125,5,Even,Good,Yes,3.0
33,9,41,46,7,Even,Good,No,6.0
19,23,31,58,4,Even,Poor,No,8.0
45,7,33,79,1,Uneven,Poor,No,7.0
49,23,7,20,2,Even,Poor,No,4.0
44,15,48,22,4,Uneven,Good,No,3.0
37,25,17,94,1,Uneven,Good,Yes,6.0
41,26,49,148,8,Even,Good,No,10.0
29,3,14,10,9,Uneven,Poor,No,6.0
52,23,40,112,4,Uneven,Good,Yes,7.0
50,18,13,179,3,Even,Good,Yes,5.0
50,9,31,52,2,Even,Poor,Yes,4.0
54,24,38,46,5,Even,Poor,No,7.0
29,17,5,80,3,Uneven,Good,Yes,1.0
20,18,36,81,7,Even,Good,Yes,3.0
18,9,29,136,6,Uneven,Good,Yes,3.0
50,32,33,134,1,Uneven,Good,Yes,10.0
57,4,11,63,8,Uneven,Poor,No,6.0
27,34,7,159,2,Uneven,Good,No,9.0
46,33,24,31,5,Uneven,Good,No,5.0
30,32,24,83,9,Even,Poor,Yes,6.0
29,20,34,76,8,Even,Good,Yes,5.0
48,16,39,11,2,Uneven,Good,Yes,5.0
19,21,39,115,9,Uneven,Poor,Yes,9.0
52,14,43,123,5,Even,Poor,Yes,7.0
40,34,31,178,6,Even,Good,Yes,7.0
34,27,30,67,3,Uneven,Poor,No,8.0
43,6,18,128,3,Uneven,Poor,No,6.0
25,31,21,16,8,Even,Good,Yes,0.0
46,10,22,145,2,Even,Poor,No,10.0
43,9,49,47,2,Uneven,Good,Yes,8.0
27,8,33,21,5,Even,Good,Yes,3.0
43,13,24,67,6,Even,Good,No,5.0
51,12,31,124,2,Uneven,Good,Yes,9.0
58,24,22,40,5,Uneven,Poor,No,10.0
24,1,8,12,7,Uneven,Good,Yes,5.0
21,34,5,73,8,Even,Good,Yes,3.0
28,6,5,94,7,Uneven,Good,No,8.0
46,20,30,40,8,Even,Good,Yes,2.0
53,17,49,32,9,Uneven,Poor,Yes,7.0
42,2,24,122,5,Uneven,Poor,Yes,7.0
38,10,27,97,5,Even,Poor,No,4.0
53,23,14,179,4,Even,Good,Yes,6.0
27,18,15,80,9,Uneven,Poor,Yes,7.0
54,3,45,105,5,Uneven,Poor,Yes,10.0
26,25,45,162,2,Even,Good,No,10.0
41,31,9,155,8,Uneven,Poor,No,9.0
52,32,5,148,7,Even,Good,No,10.0
52,2,21,18,8,Even,Poor,No,7.0
53,8,26,75,3,Uneven,Poor,No,8.0
35,7,38,128,4,Even,Poor,Yes,10.0
56,32,49,129,5,Even,Poor,No,10.0
49,5,45,41,6,Even,Good,No,4.0
41,3,33,33,1,Uneven,Good,Yes,4.0
40,12,8,147,4,Even,Poor,No,6.0
49,1,9,179,5,Uneven,Good,Yes,5.0
54,4,15,178,7,Uneven,Poor,No,10.0
29,26,25,23,5,Uneven,Poor,Yes,6.0
30,31,39,110,1,Even,Poor,Yes,4.0
40,20,16,25,7,Even,Poor,No,6.0
42,7,30,68,8,Uneven,Poor,No,8.0
52,7,23,169,7,Uneven,Poor,Yes,8.0
58,2,49,31,4,Even,Good,Yes,4.0
47,2,11,59,8,Uneven,Good,Yes,5.0
34,21,11,33,5,Uneven,Poor,Yes,4.0
37,5,30,152,9,Even,Good,Yes,7.0
42,1,44,29,5,Uneven,Poor,Yes,6.0
39,22,9,74,1,Even,Good,Yes,3.0
30,1,25,67,9,Even,Good,No,5.0
36,16,18,168,5,Uneven,Good,Yes,7.0
53,34,8,134,6,Even,Poor,No,6.0
29,33,27,154,4,Even,Good,No,8.0
58,22,46,20,6,Even,Poor,Yes,5.0
36,29,24,150,8,Uneven,Poor,Yes,8.0
29,7,19,104,3,Uneven,Poor,No,8.0
26,21,49,34,5,Uneven,Good,Yes,7.0
24,4,33,49,2,Even,Good,Yes,0.0
45,12,12,23,2,Even,Good,No,4.0
31,28,45,38,7,Uneven,Poor,No,7.0
48,30,23,145,6,Uneven,Poor,No,10.0
36,15,43,175,4,Even,Good,Yes,8.0
33,29,32,66,5,Uneven,Poor,Yes,5.0
22,15,31,122,1,Uneven,Good,No,7.0
52,11,8,104,7,Uneven,Good,Yes,9.0
29,16,19,26,8,Uneven,Good,No,6.0
42,15,39,115,9,Uneven,Good,Yes,7.0
38,11,41,168,8,Even,Poor,No,10.0
53,7,5,77,5,Uneven,Good,Yes,0.0
40,19,7,151,3,Uneven,Good,No,8.0
33,2,28,42,9,Even,Good,Yes,3.0
56,15,31,74,6,Even,Good,Yes,5.0
59,29,44,120,5,Even,Good,No,10.0
56,22,40,83,3,Even,Good,Yes,4.0
31,27,38,152,6,Uneven,Good,Yes,7.0
48,4,33,13,3,Uneven,Poor,No,8.0
22,19,28,36,6,Uneven,Poor,Yes,4.0
52,0,28,136,4,Uneven,Poor,Yes,10.0
40,29,46,54,2,Even,Poor,Yes,5.0
46,20,8,86,8,Even,Good,No,6.0
28,19,7,9,4,Uneven,Poor,No,7.0
35,5,38,152,9,Uneven,Poor,No,6.0
29,21,27,91,7,Uneven,Poor,No,7.0
26,17,27,130,2,Uneven,Good,No,10.0
27,7,49,79,4,Even,Poor,Yes,7.0
34,31,9,169,5,Uneven,Poor,Yes,9.0
55,32,35,26,3,Even,Good,No,4.0
24,15,45,72,9,Even,Poor,Yes,6.0
30,11,10,48,5,Even,Good,Yes,3.0
57,33,41,38,2,Even,Poor,Yes,7.0
59,13,14,81,3,Uneven,Good,Yes,4.0
26,32,44,46,9,Uneven,Poor,No,10.0
44,22,11,141,7,Uneven,Poor,No,8.0
19,1,43,110,2,Uneven,Poor,Yes,7.0
22,20,42,99,9,Even,Good,Yes,5.0
46,1,25,139,4,Even,Poor,No,10.0
54,26,24,72,9,Even,Good,Yes,4.0
55,8,7,151,2,Uneven,Good,Yes,6.0
36,0,26,163,4,Even,Good,Yes,10.0
25,10,8,132,5,Even,Good,No,5.0
18,2,32,167,2,Even,Poor,No,10.0
39,22,16,89,1,Even,Poor,Yes,8.0
34,25,42,163,7,Uneven,Poor,Yes,8.0
24,3,40,87,1,Even,Good,Yes,2.0
42,17,45,99,8,Even,Poor,Yes,6.0
21,5,9,36,3,Uneven,Good,Yes,0.0
53,34,17,70,6,Uneven,Good,Yes,5.0
23,21,27,120,7,Uneven,Good,No,6.0
48,14,34,142,1,Even,Poor,No,10.0
36,21,41,134,6,Even,Poor,Yes,7.0
56,11,29,64,7,Even,Good,No,6.0
44,17,31,21,6,Even,Poor,Yes,6.0
27,34,18,100,4,Uneven,Poor,Yes,5.0
43,29,40,148,1,Even,Good,No,9.0
36,23,43,20,9,Even,Good,No,7.0
56,29,20,50,4,Uneven,Poor,Yes,2.0
20,13,26,171,7,Uneven,Good,Yes,10.0
30,5,25,163,7,Uneven,Good,No,10.0
45,2,25,111,2,Even,Poor,No,6.0
37,15,12,92,1,Even,Poor,Yes,4.0
45,6,20,133,8,Even,Good,Yes,10.0
25,13,35,143,8,Even,Poor,Yes,9.0
58,8,46,123,7,Even,Good,No,10.0
56,14,14,89,8,Uneven,Good,Yes,7.0
18,20,36,8,3,Uneven,Poor,No,4.0
20,34,38,75,2,Even,Good,Yes,6.0
30,1,13,158,7,Even,Good,No,8.0
45,26,21,115,8,Even,Good,No,7.0
42,1,15,54,1,Even,Poor,No,4.0
50,34,36,144,9,Even,Poor,No,10.0
55,17,14,99,4,Uneven,Poor,Yes,10.0
23,13,26,96,4,Uneven,Good,No,8.0
49,19,21,69,3,Uneven,Good,No,6.0
38,17,8,51,6,Even,Poor,No,4.0
33,9,29,110,1,Even,Poor,Yes,4.0
38,24,25,134,6,Uneven,Poor,Yes,5.0
28,1,41,110,2,Uneven,Good,Yes,8.0
54,24,42,28,9,Even,Poor,Yes,5.0
53,32,5,8,2,Uneven,Good,Yes,2.0
52,30,29,112,7,Uneven,Poor,Yes,10.0
36,13,40,23,1,Even,Good,No,6.0
37,0,21,158,7,Uneven,Good,No,10.0
35,15,45,44,5,Uneven,Poor,No,10.0
58,2,28,54,8,Uneven,Good,Yes,4.0
31,34,6,175,4,Even,Poor,No,5.0
32,5,44,79,7,Uneven,Good,No,5.0
48,24,19,16,6,Uneven,Good,Yes,8.0
18,12,36,31,5,Uneven,Poor,No,6.0
20,33,43,117,4,Even,Good,Yes,6.0
33,7,10,53,7,Even,Poor,No,5.0
40,20,5,148,5,Uneven,Poor,Yes,6.0
28,33,27,134,5,Even,Poor,Yes,9.0
29,3,43,64,1,Uneven,Good,Yes,7.0
27,24,21,34,2,Even,Good,No,4.0
49,14,38,88,5,Even,Good,No,8.0
33,3,45,170,3,Uneven,Poor,Yes,10.0
25,11,33,32,2,Uneven,Poor,Yes,3.0
55,31,13,29,4,Uneven,Good,No,5.0
29,31,17,100,4,Even,Good,No,4.0
41,27,10,129,4,Uneven,Poor,Yes,9.0
45,12,10,14,4,Even,Good,No,4.0
25,30,24,46,3,Even,Poor,No,6.0
45,13,7,44,7,Uneven,Good,No,6.0
53,19,21,81,9,Even,Poor,Yes,5.0
43,17,16,109,5,Uneven,Good,Yes,8.0
25,28,49,122,4,Even,Good,No,7.0
45,5,5,46,2,Uneven,Poor,Yes,7.0
45,31,21,51,2,Even,Poor,No,3.0
54,28,7,169,5,Even,Poor,No,10.0
58,1,30,26,7,Uneven,Good,Yes,5.0
53,22,19,111,9,Even,Poor,Yes,5.0
44,18,40,31,7,Uneven,Poor,Yes,4.0
34,30,36,45,5,Even,Good,No,1.0
26,4,36,84,6,Even,Poor,No,8.0
50,18,8,166,3,Even,Poor,Yes,7.0
37,33,22,164,5,Uneven,Poor,Yes,8.0
30,9,23,93,8,Uneven,Good,Yes,4.0
45,24,47,70,1,Uneven,Good,No,8.0
46,1,39,16,1,Uneven,Good,No,9.0
30,10,44,172,7,Uneven,Poor,No,10.0
52,30,18,77,5,Even,Good,Yes,2.0
23,14,37,80,5,Even,Poor,Yes,6.0
35,8,18,94,1,Uneven,Poor,No,6.0
22,22,38,14,9,Even,Poor,Yes,0.0
42,18,8,100,1,Even,Good,Yes,3.0
19,8,28,24,5,Even,Good,Yes,3.0
27,34,33,43,9,Even,Poor,Yes,6.0
47,20,23,64,4,Uneven,Poor,No,10.0
22,8,10,70,8,Even,Good,Yes,3.0
50,27,37,69,6,Uneven,Good,No,6.0
18,6,44,128,3,Uneven,Good,No,6.0
35,15,23,168,4,Even,Poor,Yes,10.0
49,15,5,156,2,Uneven,Good,No,9.0
28,32,9,159,1,Even,Good,No,6.0
38,3,31,134,8,Even,Good,Yes,8.0
43,3,20,163,1,Even,Poor,No,6.0
42,16,10,61,1,Uneven,Good,No,6.0
39,28,44,82,4,Uneven,Poor,No,9.0
44,34,17,33,6,Uneven,Poor,No,6.0
30,6,39,19,9,Even,Poor,No,6.0
50,26,23,16,1,Even,Good,No,4.0
51,27,16,105,7,Even,Good,No,5.0
58,21,20,160,5,Uneven,Good,No,8.0
52,13,47,88,8,Even,Poor,Yes,5.0
18,6,14,129,7,Even,Good,Yes,7.0
38,21,29,107,4,Uneven,Poor,Yes,3.0
23,4,24,28,4,Uneven,Good,No,8.0
45,1,35,153,6,Uneven,Good,No,10.0
34,26,8,142,6,Even,Good,No,2.0
22,20,48,114,9,Even,Good,Yes,4.0
48,14,27,82,5,Even,Poor,Yes,6.0
22,20,6,105,8,Uneven,Poor,Yes,5.0
55,9,26,150,5,Uneven,Poor,No,9.0
20,22,41,146,2,Uneven,Poor,Yes,7.0
40,4,12,166,6,Uneven,Good,Yes,10.0
54,0,11,132,9,Even,Poor,No,9.0
54,12,18,62,3,Even,Poor,Yes,7.0
27,20,7,80,1,Even,Poor,No,8.0
27,25,20,154,1,Even,Good,Yes,2.0
36,20,23,40,3,Even,Poor,No,3.0
34,17,22,177,5,Even,Poor,No,10.0
38,31,20,168,3,Even,Good,No,5.0
31,16,12,26,9,Even,Good,No,5.0
26,34,37,131,8,Uneven,Poor,No,9.0
18,10,16,84,3,Uneven,Poor,Yes,5.0
30,20,15,104,9,Even,Good,No,6.0
21,25,9,100,6,Uneven,Poor,No,9.0
18,3,31,165,7,Even,Good,No,7.0
57,33,16,177,4,Even,Poor,No,10.0
49,17,21,168,4,Uneven,Poor,Yes,8.0
51,34,10,152,2,Even,Poor,No,10.0
45,28,37,22,5,Even,Poor,Yes,3.0
48,28,9,42,8,Even,Poor,No,5.0
25,20,32,155,7,Even,Good,No,10.0
56,12,18,113,7,Even,Good,Yes,3.0
43,16,9,127,6,Even,Poor,Yes,9.0
51,8,37,148,3,Even,Poor,Yes,8.0
20,0,45,153,5,Uneven,Poor,No,9.0
29,1,23,108,1,Uneven,Good,Yes,9.0
18,28,26,144,7,Even,Good,No,6.0
22,32,9,148,9,Uneven,Good,Yes,6.0
47,9,6,85,1,Even,Good,Yes,3.0
47,20,34,91,2,Even,Good,No,8.0
34,27,43,146,3,Even,Good,Yes,5.0
40,10,8,65,3,Even,Good,Yes,8.0
32,33,37,50,8,Uneven,Good,No,5.0
54,7,17,36,7,Uneven,Poor,No,9.0
38,21,24,19,6,Uneven,Good,No,7.0
31,7,11,48,4,Uneven,Good,Yes,5.0
19,14,19,149,9,Even,Good,Yes,5.0
28,16,27,173,1,Uneven,Good,Yes,7.0
56,22,18,58,2,Even,Poor,Yes,3.0
55,23,27,48,4,Even,Good,Yes,7.0
51,18,23,102,3,Uneven,Poor,No,10.0
55,4,33,9,1,Even,Poor,Yes,4.0
51,31,24,113,5,Uneven,Poor,No,6.0
35,0,33,31,7,Uneven,Good,Yes,4.0
47,22,28,120,2,Uneven,Good,No,7.0
32,7,22,91,5,Uneven,Good,Yes,1.0
44,12,14,108,6,Uneven,Poor,Yes,7.0
51,7,45,127,7,Even,Poor,No,10.0
55,22,12,83,1,Uneven,Poor,Yes,5.0
50,0,30,47,7,Uneven,Poor,No,8.0
41,23,33,101,4,Even,Good,Yes,4.0
32,34,14,35,8,Uneven,Good,Yes,5.0
47,23,21,103,4,Uneven,Good,No,8.0
59,16,6,21,6,Even,Poor,Yes,3.0
34,4,10,87,9,Even,Poor,No,7.0
22,19,9,114,5,Uneven,Good,Yes,5.0
46,20,32,36,4,Even,Good,Yes,6.0
21,30,45,172,8,Uneven,Poor,Yes,7.0
27,10,9,145,9,Even,Good,Yes,8.0
34,14,22,39,4,Uneven,Good,Yes,5.0
27,18,30,137,3,Uneven,Poor,Yes,9.0
34,6,24,33,8,Uneven,Poor,Yes,7.0
37,27,45,74,5,Even,Poor,No,8.0
41,4,31,157,2,Uneven,Good,Yes,9.0
22,4,16,99,9,Even,Poor,Yes,2.0
51,29,11,26,3,Uneven,Good,Yes,1.0
23,31,7,177,2,Uneven,Good,No,8.0
19,7,14,73,1,Uneven,Poor,No,6.0
30,9,38,93,8,Uneven,Good,Yes,7.0
28,31,29,76,3,Uneven,Poor,Yes,5.0
40,27,39,133,7,Even,Poor,Yes,8.0
33,16,20,176,1,Even,Good,No,8.0
48,30,6,91,1,Even,Good,Yes,3.0
28,7,28,100,9,Uneven,Poor,No,7.0
33,24,14,79,8,Uneven,Poor,Yes,5.0
25,8,42,171,3,Even,Poor,No,7.0
21,1,26,58,6,Uneven,Poor,No,7.0
57,14,30,92,3,Uneven,Poor,Yes,10.0
21,2,47,161,4,Uneven,Poor,Yes,9.0
42,3,43,58,1,Even,Good,Yes,9.0
20,13,31,20,5,Even,Good,Yes,4.0
49,24,33,103,1,Even,Good,Yes,6.0
20,9,42,24,1,Even,Good,Yes,2.0
44,20,24,50,7,Even,Poor,Yes,5.0
46,11,31,131,6,Uneven,Good,No,8.0
49,26,45,62,2,Uneven,Good,Yes,6.0
36,1,24,115,2,Uneven,Poor,Yes,10.0
38,12,48,133,7,Uneven,Good,No,10.0
22,31,23,85,1,Even,Poor,Yes,9.0
35,30,24,161,2,Even,Poor,Yes,5.0
45,15,39,88,8,Uneven,Poor,Yes,9.0
59,31,6,74,6,Even,Poor,Yes,8.0
39,31,34,12,2,Uneven,Poor,No,5.0
38,33,38,33,7,Uneven,Good,No,9.0
23,10,26,116,4,Uneven,Good,Yes,8.0
18,9,7,165,2,Uneven,Good,Yes,7.0
22,14,10,135,6,Even,Poor,No,9.0
58,16,19,167,9,Uneven,Good,Yes,10.0
29,17,31,112,9,Even,Good,No,8.0
43,8,14,113,8,Uneven,Good,No,6.0
51,24,13,24,3,Uneven,Good,No,4.0
31,13,37,77,3,Uneven,Poor,Yes,5.0
43,24,36,171,2,Uneven,Good,Yes,10.0
44,21,10,8,5,Even,Poor,Yes,6.0
26,29,45,23,4,Uneven,Poor,No,7.0
43,19,40,106,7,Even,Good,Yes,4.0
39,20,6,177,4,Uneven,Poor,Yes,10.0
47,31,33,175,9,Uneven,Poor,No,10.0
34,20,8,145,2,Uneven,Poor,Yes,9.0
43,34,5,145,6,Even,Poor,Yes,9.0
53,31,23,90,7,Uneven,Poor,Yes,9.0
18,29,30,56,4,Uneven,Poor,No,10.0
25,11,29,115,6,Uneven,Poor,Yes,9.0
52,17,14,113,7,Uneven,Good,No,6.0
32,20,19,90,4,Uneven,Good,No,8.0
39,12,26,47,8,Even,Poor,No,6.0
31,20,25,46,9,Even,Poor,Yes,4.0
43,7,26,94,1,Uneven,Good,Yes,3.0
45,6,40,119,7,Uneven,Good,Yes,5.0
40,22,38,30,9,Even,Good,No,8.0
31,31,34,155,5,Uneven,Good,No,10.0
41,10,29,47,2,Even,Poor,Yes,6.0
19,21,49,81,6,Uneven,Poor,No,8.0
43,21,32,160,7,Uneven,Good,Yes,10.0
31,24,5,141,2,Even,Good,Yes,6.0
24,21,49,24,2,Uneven,Good,Yes,5.0
20,27,8,43,1,Even,Good,Yes,1.0
40,28,11,16,4,Even,Poor,Yes,1.0
35,12,13,15,7,Even,Good,Yes,1.0
55,17,40,158,9,Uneven,Good,Yes,9.0
52,1,23,46,3,Even,Good,No,3.0
32,28,5,159,7,Even,Poor,Yes,7.0
42,20,14,15,7,Uneven,Poor,No,9.0
54,14,40,42,7,Uneven,Poor,No,6.0
45,26,13,102,2,Uneven,Good,Yes,5.0
27,30,49,175,6,Uneven,Good,No,9.0
56,14,46,23,2,Uneven,Good,No,9.0
34,22,36,138,6,Uneven,Poor,No,9.0
56,23,36,178,3,Even,Poor,Yes,10.0
39,12,10,120,2,Uneven,Good,Yes,3.0
43,21,42,117,6,Even,Good,Yes,8.0
42,32,21,174,2,Uneven,Poor,Yes,10.0
34,2,14,69,5,Even,Good,Yes,4.0
30,18,31,103,2,Even,Good,No,9.0
37,22,39,76,3,Uneven,Good,No,6.0
42,28,25,56,3,Uneven,Poor,Yes,8.0
21,29,29,122,6,Even,Good,No,9.0
27,24,32,179,6,Uneven,Good,No,8.0
20,7,19,124,3,Uneven,Good,No,6.0
58,15,8,11,3,Even,Good,No,4.0
35,7,33,15,1,Even,Poor,Yes,8.0
53,0,13,107,7,Even,Poor,Yes,6.0
39,4,31,65,8,Uneven,Poor,Yes,7.0
51,2,30,72,2,Uneven,Good,No,6.0
25,0,23,157,4,Uneven,Poor,No,7.0
57,3,32,144,7,Uneven,Good,Yes,7.0
36,34,21,158,8,Even,Poor,Yes,5.0
59,31,47,106,1,Uneven,Good,No,8.0
58,33,45,114,4,Even,Poor,Yes,7.0
54,24,46,144,6,Uneven,Poor,Yes,9.0
23,9,24,175,3,Uneven,Poor,No,10.0
43,20,49,55,5,Even,Good,No,5.0
51,26,44,121,9,Uneven,Good,Yes,10.0
23,26,43,169,3,Uneven,Good,No,10.0
54,1,27,50,5,Even,Poor,Yes,4.0
50,12,36,57,8,Uneven,Good,No,10.0
39,8,37,92,6,Even,Good,No,4.0
38,21,9,125,4,Even,Good,Yes,4.0
23,25,47,17,8,Even,Good,No,6.0
23,11,38,93,3,Even,Good,Yes,8.0
21,16,44,129,3,Uneven,Good,No,9.0
47,13,15,122,4,Uneven,Poor,Yes,10.0
28,13,7,58,9,Uneven,Poor,No,6.0
47,33,37,120,5,Even,Good,No,6.0
48,19,15,122,8,Uneven,Poor,Yes,8.0
41,10,20,8,6,Uneven,Poor,No,5.0
26,15,22,79,3,Uneven,Good,Yes,6.0
20,30,34,53,8,Uneven,Good,No,9.0
48,5,14,11,9,Even,Poor,No,6.0
57,18,22,114,8,Even,Good,Yes,4.0
54,3,42,126,4,Uneven,Poor,No,8.0
53,3,23,15,6,Even,Poor,No,6.0
41,19,40,96,1,Uneven,Poor,Yes,6.0
48,9,17,177,4,Uneven,Good,No,10.0
23,23,7,27,8,Uneven,Poor,Yes,6.0
19,34,14,32,1,Even,Good,Yes,0.0
37,25,42,115,3,Uneven,Good,Yes,10.0
45,20,5,61,1,Even,Good,No,5.0
28,20,31,30,9,Even,Good,No,5.0
21,9,12,157,2,Uneven,Good,Yes,5.0
32,3,46,58,9,Even,Poor,No,6.0
23,19,21,33,4,Even,Good,Yes,4.0
47,16,13,101,2,Uneven,Good,No,8.0
55,6,10,168,4,Even,Good,Yes,10.0
19,3,47,18,6,Even,Good,Yes,2.0
32,28,29,82,7,Uneven,Good,No,6.0
28,13,43,39,3,Uneven,Poor,Yes,3.0
25,2,32,34,3,Even,Good,Yes,1.0
43,23,37,96,8,Uneven,Good,No,9.0
22,15,41,21,5,Uneven,Poor,Yes,9.0
23,3,13,162,4,Even,Good,Yes,5.0
43,23,22,97,7,Even,Poor,No,9.0
21,33,25,177,7,Uneven,Poor,Yes,9.0
36,29,6,83,9,Even,Poor,Yes,8.0
37,17,47,114,9,Uneven,Poor,Yes,10.0
50,18,42,106,5,Uneven,Good,Yes,5.0
37,30,44,110,8,Even,Good,Yes,7.0
29,18,40,51,1,Even,Poor,Yes,6.0
18,18,47,68,9,Uneven,Poor,Yes,9.0
43,21,41,170,8,Uneven,Good,Yes,10.0
31,23,19,68,6,Uneven,Poor,No,8.0
55,11,32,91,3,Uneven,Poor,Yes,8.0
54,29,22,11,3,Even,Poor,Yes,5.0
28,30,38,26,8,Uneven,Good,No,8.0
53,18,26,85,5,Even,Poor,Yes,7.0
30,29,15,173,7,Even,Good,Yes,8.0
20,32,17,78,5,Uneven,Good,Yes,7.0
50,17,8,142,8,Even,Good,Yes,8.0
23,27,26,139,4,Even,Poor,Yes,9.0
27,10,11,129,2,Uneven,Poor,Yes,10.0
22,32,47,54,3,Even,Good,No,5.0
40,16,28,56,8,Even,Good,No,7.0
27,5,8,165,7,Uneven,Good,No,10.0
19,3,32,5,2,Uneven,Poor,No,4.0
30,19,19,166,6,Uneven,Poor,No,10.0
57,26,5,8,9,Uneven,Good,Yes,3.0
19,14,7,149,4,Uneven,Good,Yes,7.0
37,5,18,136,9,Uneven,Poor,Yes,10.0
18,13,42,175,2,Uneven,Good,Yes,10.0
54,10,5,8,2,Even,Poor,Yes,3.0
26,8,42,5,9,Even,Poor,No,4.0
34,25,42,75,7,Uneven,Good,No,8.0
26,15,25,39,7,Even,Good,Yes,5.0
28,4,33,12,1,Even,Poor,Yes,6.0
32,9,9,156,6,Uneven,Poor,Yes,9.0
41,2,14,40,7,Even,Poor,No,4.0
55,12,32,127,6,Uneven,Poor,No,10.0
52,29,25,47,6,Even,Poor,Yes,4.0
47,5,11,31,2,Uneven,Good,No,5.0
48,16,7,36,6,Even,Poor,Yes,2.0
22,18,49,82,4,Even,Poor,No,9.0
31,34,24,125,9,Even,Poor,No,8.0
28,25,23,150,1,Uneven,Good,Yes,6.0
26,4,39,160,8,Even,Good,No,10.0
51,28,8,161,5,Even,Poor,No,9.0
29,19,9,20,1,Uneven,Poor,Yes,0.0
52,20,5,103,4,Uneven,Good,No,8.0
52,9,8,51,1,Even,Good,Yes,0.0
18,4,16,35,6,Even,Good,No,4.0
57,5,31,8,2,Even,Good,Yes,0.0
39,25,46,169,5,Even,Poor,Yes,6.0
46,3,27,21,7,Uneven,Good,No,6.0
25,34,29,43,2,Even,Poor,No,6.0
28,0,25,52,6,Even,Poor,Yes,4.0
58,23,28,178,6,Uneven,Good,No,8.0
54,5,29,43,5,Even,Good,No,8.0
31,30,49,136,5,Even,Good,No,7.0
47,19,36,34,3,Even,Good,Yes,1.0
52,23,36,162,2,Uneven,Poor,Yes,10.0
38,24,9,26,7,Uneven,Poor,Yes,3.0
54,20,40,70,1,Even,Poor,No,5.0
22,29,46,112,6,Even,Good,No,7.0
36,23,46,16,6,Uneven,Poor,Yes,6.0
31,29,43,40,3,Even,Good,Yes,1.0
43,21,20,22,2,Even,Poor,No,3.0
21,27,37,94,2,Uneven,Good,No,8.0
42,6,25,5,9,Uneven,Poor,No,9.0
59,34,13,131,5,Uneven,Poor,No,10.0
42,27,10,94,7,Even,Good,Yes,8.0
35,13,49,91,5,Even,Poor,No,5.0
57,9,39,94,7,Even,Poor,No,5.0
25,15,43,138,4,Even,Good,Yes,6.0
56,15,26,74,8,Uneven,Good,Yes,6.0
57,30,45,48,7,Even,Good,No,7.0
31,24,9,156,5,Even,Good,Yes,6.0
49,12,46,90,6,Uneven,Good,No,10.0
55,5,27,23,5,Uneven,Poor,No,5.0
50,8,21,105,7,Even,Good,Yes,7.0
40,19,16,150,2,Uneven,Poor,Yes,7.0
32,17,27,99,5,Uneven,Poor,No,9.0
50,20,20,105,3,Even,Good,Yes,7.0
42,3,7,34,9,Even,Poor,No,5.0
34,32,34,174,6,Even,Poor,No,10.0
50,26,26,37,3,Even,Good,No,6.0
19,6,13,16,7,Uneven,Poor,Yes,5.0
31,5,33,122,4,Uneven,Good,No,10.0
57,14,41,98,3,Even,Good,No,6.0
57,17,27,159,8,Even,Good,No,7.0
56,31,17,171,4,Uneven,Poor,Yes,8.0
23,10,36,141,1,Even,Poor,No,10.0
23,19,27,153,6,Even,Poor,No,7.0
20,23,49,80,1,Even,Poor,No,8.0
24,14,21,33,5,Even,Good,Yes,1.0
25,6,44,165,7,Uneven,Poor,No,8.0
59,20,25,121,6,Even,Good,No,7.0
32,25,6,19,2,Uneven,Poor,Yes,3.0
46,13,41,6,4,Even,Poor,Yes,4.0
50,20,10,121,2,Even,Poor,No,5.0
47,17,48,176,1,Uneven,Poor,No,9.0
56,4,22,22,3,Even,Poor,No,3.0
44,2,34,7,3,Uneven,Good,Yes,4.0
53,22,26,139,7,Even,Poor,Yes,3.0
46,25,37,175,1,Even,Poor,No,8.0
55,23,34,170,9,Even,Poor,Yes,10.0
50,18,21,169,6,Even,Poor,No,10.0
54,24,47,165,4,Even,Good,No,10.0
44,20,36,112,3,Uneven,Poor,Yes,7.0
50,11,46,99,3,Uneven,Good,No,6.0
21,32,18,126,2,Even,Poor,Yes,7.0
39,3,14,15,2,Even,Good,Yes,0.0
19,6,40,72,5,Uneven,Good,No,8.0
27,21,38,127,9,Uneven,Good,Yes,9.0
22,32,13,117,2,Even,Good,No,6.0
27,16,46,102,2,Even,Good,Yes,4.0
50,23,32,97,6,Uneven,Poor,No,9.0
55,33,15,26,2,Even,Good,No,0.0
30,27,18,176,4,Uneven,Poor,No,10.0
48,21,43,131,6,Even,Good,Yes,5.0
53,16,23,138,5,Uneven,Good,No,7.0
41,33,19,174,1,Uneven,Poor,Yes,8.0
32,5,32,29,6,Even,Good,Yes,5.0
46,5,28,89,1,Uneven,Good,Yes,4.0
25,33,12,59,3,Even,Good,Yes,2.0
22,0,47,148,5,Even,Good,Yes,8.0
46,9,13,99,5,Even,Poor,No,9.0
21,20,37,146,6,Even,Good,Yes,6.0
29,4,37,171,8,Uneven,Good,No,10.0
19,1,23,160,5,Even,Poor,No,9.0
44,21,7,123,1,Even,Poor,Yes,7.0
48,1,14,13,5,Even,Good,No,5.0
53,9,44,177,3,Even,Good,No,9.0
53,33,46,154,4,Uneven,Poor,Yes,10.0
43,15,5,164,8,Even,Good,No,8.0
44,21,33,46,7,Uneven,Poor,Yes,6.0
22,11,38,57,5,Uneven,Good,Yes,7.0
37,23,17,78,2,Uneven,Poor,Yes,5.0
28,9,5,43,6,Even,Poor,No,6.0
27,34,38,126,6,Even,Poor,No,7.0
57,31,33,19,6,Even,Good,No,8.0
55,6,17,161,9,Even,Good,No,10.0
23,20,33,127,8,Uneven,Good,Yes,6.0
25,19,43,115,8,Uneven,Good,Yes,5.0
40,25,28,135,1,Even,Poor,No,8.0
43,3,30,87,5,Even,Poor,Yes,8.0
29,21,21,14,7,Even,Poor,No,4.0
43,14,11,96,6,Even,Good,Yes,2.0
30,20,17,33,5,Even,Good,Yes,3.0
57,14,9,39,8,Even,Good,Yes,6.0
35,21,30,10,3,Even,Poor,Yes,6.0
42,27,7,144,6,Uneven,Good,Yes,8.0
50,13,11,115,5,Uneven,Good,No,9.0
57,26,43,42,8,Uneven,Poor,No,8.0
29,27,5,81,4,Uneven,Poor,Yes,7.0
53,25,21,97,8,Even,Good,No,5.0
21,1,47,151,2,Even,Poor,Yes,8.0
22,24,29,71,9,Even,Good,Yes,2.0
54,2,7,140,9,Even,Poor,Yes,10.0
25,7,19,12,6,Even,Poor,Yes,3.0
59,32,33,126,4,Uneven,Poor,No,8.0
45,34,47,88,4,Even,Good,Yes,8.0
48,5,36,179,6,Uneven,Good,No,7.0
26,22,30,136,5,Even,Good,Yes,2.0
46,24,20,89,6,Uneven,Poor,Yes,5.0
31,18,29,49,7,Even,Poor,No,8.0
57,4,32,140,7,Uneven,Poor,Yes,10.0
58,10,13,91,9,Even,Poor,Yes,4.0
39,11,5,20,8,Even,Good,No,7.0
28,9,33,81,6,Even,Good,No,7.0
40,7,26,13,6,Even,Good,No,5.0
18,23,20,64,5,Uneven,Poor,Yes,7.0
54,27,45,82,1,Even,Poor,Yes,9.0
38,20,48,81,9,Uneven,Good,No,7.0
43,7,45,75,9,Even,Poor,No,10.0
53,8,11,19,9,Uneven,Good,Yes,6.0
40,14,18,75,8,Even,Poor,Yes,2.0
18,17,33,106,3,Even,Poor,No,9.0
57,19,23,173,1,Uneven,Good,No,10.0
32,5,23,26,8,Even,Good,No,3.0
38,11,6,156,7,Even,Poor,No,7.0
26,1,45,117,5,Uneven,Good,Yes,7.0
26,6,49,176,7,Even,Good,Yes,8.0
27,15,19,5,4,Uneven,Poor,Yes,7.0
43,2,7,14,9,Even,Poor,Yes,4.0
58,2,15,114,2,Uneven,Poor,No,7.0
52,26,34,117,9,Uneven,Good,Yes,10.0
42,32,44,54,9,Uneven,Poor,No,3.0
43,27,22,16,5,Uneven,Poor,Yes,6.0
28,0,6,93,1,Even,Poor,Yes,1.0
55,7,36,158,7,Even,Poor,Yes,7.0
19,31,12,116,4,Uneven,Poor,No,6.0
24,3,26,82,9,Even,Good,Yes,2.0
35,29,10,173,6,Even,Poor,No,10.0
44,5,16,168,3,Even,Poor,No,6.0
51,18,44,125,6,Uneven,Good,Yes,8.0
44,31,40,27,6,Even,Poor,No,6.0
34,8,19,175,5,Even,Poor,Yes,10.0
41,11,32,138,2,Uneven,Good,No,9.0
42,10,49,175,2,Even,Poor,Yes,6.0
24,15,22,29,7,Uneven,Good,No,5.0
23,0,6,22,2,Uneven,Poor,No,3.0
41,20,17,145,6,Uneven,Good,Yes,5.0
50,29,49,47,5,Even,Good,Yes,1.0
46,12,19,82,4,Even,Poor,Yes,6.0
39,33,24,32,7,Uneven,Good,Yes,5.0
43,3,33,150,8,Uneven,Good,No,9.0
45,27,46,63,4,Uneven,Poor,No,7.0
38,30,33,67,1,Uneven,Poor,No,7.0
24,26,7,96,1,Uneven,Good,No,10.0
34,4,23,60,1,Uneven,Poor,Yes,7.0
37,24,7,159,1,Even,Good,No,8.0
58,2,18,164,5,Uneven,Good,Yes,10.0
37,32,44,115,4,Uneven,Poor,No,10.0
39,3,8,141,9,Uneven,Poor,Yes,7.0
45,24,15,72,3,Even,Good,Yes,4.0
57,19,35,50,7,Even,Poor,Yes,6.0
24,33,47,71,8,Even,Poor,Yes,7.0
18,25,36,158,6,Even,Good,Yes,8.0
49,4,31,140,1,Uneven,Good,No,9.0
30,34,34,10,8,Even,Good,Yes,4.0
47,27,47,28,3,Uneven,Good,No,7.0
40,28,6,98,8,Uneven,Good,No,7.0
36,8,13,177,4,Uneven,Good,Yes,5.0
49,5,32,17,8,Uneven,Poor,No,8.0
47,18,35,29,1,Uneven,Good,No,6.0
46,10,38,152,3,Uneven,Poor,No,10.0
46,1,19,122,6,Even,Poor,Yes,2.0
47,8,29,86,9,Even,Good,Yes,8.0
33,20,40,115,2,Even,Poor,Yes,8.0
57,23,12,86,1,Even,Good,Yes,7.0
36,33,13,70,3,Even,Poor,No,2.0
35,21,41,49,4,Uneven,Good,No,6.0
18,2,49,118,5,Even,Good,No,5.0
31,11,43,179,3,Even,Good,No,7.0
19,27,36,67,2,Even,Good,No,8.0
45,29,21,80,2,Uneven,Poor,No,7.0
47,25,39,118,7,Uneven,Poor,Yes,10.0
55,20,41,115,9,Uneven,Poor,No,10.0
21,27,23,151,2,Even,Poor,No,9.0
18,25,48,39,7,Even,Poor,No,6.0
25,32,33,57,7,Even,Good,Yes,5.0
46,20,11,30,7,Even,Good,No,6.0
56,34,32,18,3,Even,Good,No,4.0
20,33,13,122,7,Uneven,Good,Yes,6.0
49,17,32,49,1,Even,Good,No,6.0
27,10,10,176,1,Uneven,Poor,Yes,10.0
27,22,33,55,5,Even,Good,Yes,6.0
36,21,21,175,2,Uneven,Good,No,10.0
51,16,20,123,9,Uneven,Poor,No,8.0
50,4,27,155,7,Uneven,Poor,Yes,10.0
40,10,35,23,4,Uneven,Good,No,3.0
45,29,7,86,4,Even,Good,No,4.0
49,14,25,80,2,Even,Poor,Yes,4.0
24,26,30,96,5,Even,Good,Yes,5.0
46,34,40,37,4,Uneven,Good,No,5.0
25,32,46,151,1,Even,Good,Yes,8.0
18,19,41,32,8,Even,Poor,No,7.0
20,15,26,127,3,Even,Good,No,9.0
41,33,46,130,6,Even,Good,No,8.0
40,1,16,41,4,Uneven,Poor,No,7.0
25,34,46,158,9,Uneven,Poor,Yes,10.0
54,27,17,103,7,Even,Poor,No,9.0
20,5,15,102,9,Even,Good,Yes,2.0
50,8,20,131,3,Even,Poor,No,10.0
45,19,12,172,1,Uneven,Good,No,9.0
25,0,44,84,5,Uneven,Poor,Yes,7.0
51,7,44,42,3,Uneven,Good,No,10.0
52,22,49,81,6,Even,Poor,Yes,6.0
49,2,6,130,8,Uneven,Good,Yes,9.0
41,3,34,91,4,Uneven,Good,No,7.0
31,24,34,58,5,Uneven,Poor,No,6.0
49,14,16,154,5,Uneven,Poor,No,8.0
33,20,14,20,4,Uneven,Good,No,3.0
21,34,48,32,4,Even,Poor,Yes,6.0
54,13,15,167,4,Even,Good,No,6.0
38,11,19,177,4,Even,Poor,No,8.0
31,16,20,50,4,Even,Poor,No,0.0
48,8,21,76,5,Uneven,Good,No,6.0
35,34,30,89,2,Even,Poor,No,6.0
24,12,6,30,2,Even,Poor,Yes,3.0
27,14,16,89,9,Even,Good,No,7.0
24,17,30,157,2,Uneven,Good,Yes,6.0
50,32,27,69,6,Even,Poor,No,8.0
40,5,22,138,2,Uneven,Good,No,7.0
38,26,36,155,5,Uneven,Poor,No,9.0
36,22,42,119,4,Uneven,Poor,Yes,4.0
36,26,7,68,7,Even,Good,No,9.0
53,33,42,91,7,Uneven,Good,Yes,4.0
46,13,7,175,6,Even,Good,Yes,5.0
35,7,34,111,5,Even,Good,No,9.0
19,34,5,155,1,Even,Good,Yes,10.0
18,18,34,100,3,Uneven,Good,No,10.0
22,29,49,162,9,Uneven,Poor,No,10.0
37,13,36,81,1,Even,Poor,Yes,7.0
28,19,32,150,5,Uneven,Good,No,9.0
59,24,25,91,2,Uneven,Poor,No,9.0
19,23,17,153,4,Uneven,Poor,Yes,9.0
20,13,31,61,1,Even,Poor,Yes,2.0
40,25,40,107,3,Uneven,Poor,Yes,7.0
29,22,11,155,7,Uneven,Good,Yes,5.0
37,21,26,95,3,Even,Poor,Yes,6.0
22,18,14,49,4,Uneven,Poor,Yes,2.0
54,2,43,176,2,Even,Good,No,10.0
55,18,19,92,3,Uneven,Good,Yes,5.0
47,8,19,119,9,Uneven,Good,Yes,4.0
26,27,8,51,3,Uneven,Good,No,4.0
51,19,36,172,5,Uneven,Poor,No,10.0
52,6,27,174,2,Uneven,Good,Yes,9.0
39,13,10,139,4,Uneven,Poor,Yes,5.0
41,8,28,54,7,Even,Poor,No,6.0
34,18,24,88,7,Uneven,Good,Yes,8.0
27,13,41,95,3,Uneven,Good,Yes,7.0
47,16,24,138,5,Uneven,Good,No,8.0
40,29,16,95,1,Even,Good,Yes,5.0
49,8,37,141,1,Even,Good,No,7.0
34,32,32,113,5,Even,Good,Yes,5.0
34,24,12,61,9,Uneven,Poor,No,5.0
31,13,5,35,1,Uneven,Poor,No,4.0
26,10,41,25,1,Even,Poor,No,7.0
57,34,26,94,4,Even,Poor,Yes,5.0
19,13,10,44,4,Even,Good,No,5.0
42,29,25,116,2,Uneven,Good,Yes,8.0
56,3,36,49,9,Even,Poor,No,9.0
26,3,39,81,9,Uneven,Poor,No,8.0
39,27,19,91,2,Uneven,Poor,No,10.0
21,7,9,152,9,Uneven,Good,Yes,8.0
43,1,10,105,6,Even,Good,Yes,4.0
46,21,29,121,8,Uneven,Good,No,9.0
51,15,44,96,4,Even,Poor,Yes,8.0
40,28,33,149,2,Even,Poor,Yes,8.0
54,29,11,32,2,Even,Good,Yes,2.0
28,11,44,173,9,Even,Good,No,7.0
23,34,17,29,1,Uneven,Poor,Yes,4.0
35,10,42,62,7,Uneven,Poor,No,6.0
38,20,22,45,3,Uneven,Good,No,8.0
59,20,6,138,3,Uneven,Poor,No,8.0
53,4,12,79,2,Even,Good,Yes,3.0
58,19,15,42,6,Even,Good,No,4.0
55,2,37,138,2,Even,Poor,Yes,7.0
51,32,42,177,4,Even,Poor,Yes,10.0
34,8,31,79,9,Uneven,Poor,No,10.0
54,8,24,146,9,Even,Good,No,6.0
42,3,16,70,6,Uneven,Poor,No,7.0
55,34,47,172,4,Even,Poor,Yes,9.0
29,16,35,7,7,Even,Good,Yes,5.0
40,33,31,121,1,Even,Good,No,7.0
59,23,36,103,4,Even,Poor,No,6.0
39,31,14,156,5,Uneven,Good,Yes,7.0
38,0,7,23,8,Uneven,Good,Yes,6.0
44,7,49,150,2,Uneven,Good,No,10.0
48,22,31,120,5,Uneven,Poor,Yes,7.0
23,11,39,129,6,Even,Poor,Yes,7.0
44,11,35,92,5,Even,Good,Yes,6.0
57,14,19,39,9,Uneven,Good,Yes,6.0
51,18,20,5,1,Uneven,Good,Yes,7.0
29,25,17,157,3,Even,Poor,Yes,6.0
24,28,39,177,2,Even,Good,No,5.0
27,21,15,130,3,Uneven,Good,Yes,6.0
34,20,25,93,9,Uneven,Poor,No,10.0
43,19,15,148,9,Uneven,Good,No,8.0
38,28,34,151,2,Even,Poor,Yes,8.0
45,3,39,155,3,Uneven,Poor,No,10.0
19,6,26,29,4,Uneven,Poor,No,5.0
18,27,42,20,9,Uneven,Good,No,6.0
53,27,35,77,3,Uneven,Good,Yes,10.0
43,3,18,133,7,Uneven,Poor,No,8.0
46,21,28,46,3,Even,Good,Yes,3.0
38,11,36,151,7,Uneven,Poor,No,9.0
28,2,40,166,7,Even,Good,No,8.0
57,21,36,84,9,Uneven,Poor,No,9.0
28,1,19,108,2,Uneven,Poor,No,7.0
53,23,47,150,6,Uneven,Good,Yes,8.0
56,33,39,38,9,Even,Good,No,5.0
57,26,7,93,2,Even,Good,No,5.0
52,0,20,129,2,Even,Good,Yes,4.0
51,7,9,49,5,Uneven,Poor,Yes,6.0
41,22,25,138,8,Uneven,Poor,Yes,10.0
39,5,14,25,9,Even,Good,No,0.0
22,21,23,126,2,Even,Good,Yes,6.0
50,24,29,74,5,Uneven,Poor,Yes,10.0
53,17,8,100,7,Even,Good,Yes,1.0
37,16,33,109,6,Uneven,Good,Yes,10.0
36,11,23,52,6,Even,Good,Yes,5.0
52,5,47,43,7,Even,Good,Yes,4.0
34,25,6,35,3,Even,Poor,No,3.0
51,26,14,14,3,Uneven,Poor,Yes,5.0
26,7,47,34,9,Uneven,Good,No,8.0
43,18,29,22,8,Even,Poor,Yes,7.0
19,0,24,92,5,Uneven,Good,Yes,5.0
26,28,23,129,6,Uneven,Good,Yes,6.0
26,34,27,77,1,Uneven,Good,No,6.0
57,13,28,19,1,Uneven,Poor,Yes,6.0
34,34,15,8,4,Even,Poor,Yes,1.0
18,19,38,172,2,Uneven,Poor,Yes,9.0
42,12,32,13,7,Uneven,Poor,Yes,8.0
57,7,9,113,2,Even,Poor,No,8.0
59,19,9,141,2,Uneven,Good,No,10.0
42,32,25,158,5,Uneven,Good,No,8.0
56,25,16,136,4,Uneven,Poor,No,9.0
52,20,8,20,8,Even,Poor,No,8.0
20,8,46,147,4,Even,Poor,Yes,6.0
54,23,24,103,6,Uneven,Good,Yes,10.0
47,16,42,125,5,Uneven,Poor,Yes,10.0
55,23,29,56,2,Even,Good,No,6.0
51,20,18,73,8,Even,Good,Yes,5.0
29,12,15,9,2,Even,Poor,No,3.0
36,10,36,24,9,Uneven,Good,Yes,5.0
54,18,15,83,9,Uneven,Good,No,6.0
34,10,22,150,3,Even,Poor,Yes,9.0
27,12,31,115,4,Uneven,Good,Yes,6.0
29,0,22,6,8,Uneven,Poor,Yes,2.0
33,18,27,97,9,Uneven,Good,Yes,4.0
41,11,15,17,3,Uneven,Poor,No,7.0
36,7,25,8,5,Uneven,Poor,Yes,3.0
25,7,48,174,8,Uneven,Good,Yes,7.0
48,11,9,113,3,Uneven,Poor,Yes,8.0
38,32,27,78,7,Even,Good,No,9.0
34,25,45,99,8,Even,Good,Yes,4.0
40,27,29,109,3,Even,Poor,Yes,7.0
54,4,45,12,2,Even,Good,Yes,4.0
33,7,14,71,7,Even,Poor,Yes,4.0
23,24,26,114,9,Even,Good,Yes,8.0
25,26,23,13,1,Even,Good,No,2.0
42,22,5,121,3,Even,Poor,No,5.0
35,29,11,15,5,Even,Good,No,4.0
42,22,8,103,3,Uneven,Good,Yes,3.0
29,19,5,46,1,Uneven,Good,No,7.0
32,17,19,145,7,Even,Good,Yes,7.0
43,17,44,168,7,Uneven,Good,Yes,9.0
58,1,16,124,8,Uneven,Good,Yes,8.0
43,3,26,145,5,Even,Good,Yes,6.0
49,29,26,16,5,Even,Good,No,5.0
27,32,21,41,5,Even,Poor,No,4.0
33,17,33,78,1,Uneven,Good,No,10.0
24,18,18,77,5,Uneven,Good,Yes,7.0
34,27,24,56,6,Even,Poor,No,6.0
40,19,37,134,1,Uneven,Poor,No,10.0
43,32,47,60,7,Uneven,Poor,Yes,10.0
38,11,19,64,1,Uneven,Good,No,8.0
39,14,16,27,2,Even,Poor,Yes,2.0
24,1,44,107,2,Uneven,Poor,No,7.0
31,28,24,44,5,Uneven,Good,No,4.0
32,9,34,68,7,Uneven,Good,No,7.0
24,1,42,89,1,Uneven,Poor,Yes,7.0
26,10,7,155,1,Uneven,Poor,No,9.0
25,12,32,161,1,Uneven,Good,No,8.0
40,9,30,93,6,Uneven,Good,No,10.0
46,13,34,35,2,Even,Good,No,3.0
35,17,17,24,1,Even,Good,Yes,3.0
48,8,17,134,6,Uneven,Good,Yes,7.0
47,27,6,157,2,Even,Poor,No,6.0
56,2,41,17,6,Uneven,Good,No,6.0
52,19,42,126,8,Uneven,Good,No,10.0
35,5,6,107,2,Uneven,Good,Yes,4.0
59,26,40,110,9,Even,Good,No,8.0
56,1,30,123,8,Uneven,Good,No,10.0
34,28,15,74,1,Uneven,Poor,Yes,8.0
31,2,12,103,7,Even,Good,Yes,5.0
48,15,48,86,6,Even,Poor,Yes,7.0
41,29,44,79,6,Uneven,Good,No,8.0
52,1,47,122,6,Even,Poor,Yes,7.0
51,16,26,88,6,Even,Poor,Yes,3.0
20,11,24,73,7,Uneven,Good,No,8.0
54,34,12,63,3,Uneven,Good,Yes,3.0
57,0,33,130,6,Uneven,Good,No,8.0
43,14,44,115,3,Even,Good,No,7.0
40,25,30,66,7,Even,Good,Yes,3.0
56,20,34,148,7,Even,Poor,No,10.0
32,30,21,132,8,Uneven,Good,Yes,7.0
21,24,24,109,2,Even,Good,Yes,5.0
46,22,20,72,9,Even,Poor,Yes,5.0
39,23,47,19,5,Uneven,Good,No,1.0
42,27,11,39,9,Uneven,Poor,Yes,6.0
30,20,20,18,5,Uneven,Good,No,4.0
35,17,49,106,7,Even,Poor,No,8.0
50,34,31,104,9,Uneven,Good,No,7.0
33,8,27,11,4,Even,Poor,Yes,1.0
59,29,28,34,2,Even,Poor,No,7.0
19,33,13,53,9,Uneven,Good,No,5.0
52,31,39,148,2,Uneven,Good,Yes,7.0
59,2,24,115,3,Uneven,Good,Yes,6.0
51,2,41,76,2,Uneven,Poor,No,7.0
47,27,46,84,3,Uneven,Poor,No,10.0
30,14,21,87,6,Even,Poor,Yes,5.0
30,22,35,46,3,Even,Good,No,5.0
35,10,12,21,8,Even,Good,No,4.0
49,31,19,177,6,Uneven,Poor,No,10.0
49,32,35,11,7,Even,Good,No,4.0
52,23,34,159,1,Uneven,Poor,Yes,8.0
56,33,24,14,3,Uneven,Good,No,7.0
46,27,43,38,3,Even,Good,Yes,2.0
46,6,16,40,2,Even,Poor,No,4.0
33,3,21,157,7,Uneven,Good,Yes,9.0
27,0,46,10,9,Even,Good,No,2.0
47,0,34,156,4,Uneven,Good,Yes,8.0
42,19,33,150,5,Even,Good,No,6.0
56,18,23,138,3,Even,Good,Yes,10.0
37,28,15,33,9,Even,Poor,No,3.0
22,9,38,130,4,Even,Good,No,6.0
18,17,11,157,5,Even,Poor,Yes,8.0
47,27,48,85,1,Uneven,Good,Yes,5.0
20,34,38,178,2,Even,Good,Yes,6.0
31,30,24,156,9,Even,Poor,Yes,10.0
47,26,42,79,2,Even,Poor,Yes,5.0
21,10,28,30,5,Uneven,Good,No,9.0
35,4,14,131,8,Uneven,Good,Yes,8.0
54,7,36,119,3,Uneven,Poor,Yes,6.0
42,33,19,130,6,Uneven,Poor,No,10.0
18,11,41,32,4,Uneven,Poor,Yes,4.0
32,0,24,135,7,Even,Poor,Yes,8.0
26,30,7,79,3,Even,Good,Yes,6.0
32,3,41,170,6,Even,Good,No,10.0
41,4,44,82,9,Uneven,Good,Yes,10.0
21,29,12,94,1,Uneven,Good,No,7.0
29,23,44,25,3,Even,Good,No,4.0
54,2,48,58,2,Uneven,Poor,Yes,9.0
54,10,27,107,8,Uneven,Poor,No,9.0
23,3,44,63,7,Uneven,Poor,Yes,10.0
56,25,15,76,2,Even,Good,Yes,2.0
41,26,12,24,6,Even,Poor,Yes,2.0
28,26,33,116,3,Uneven,Good,Yes,7.0
30,5,34,63,8,Uneven,Good,Yes,3.0
51,14,14,75,3,Uneven,Good,No,5.0
42,29,43,141,9,Uneven,Poor,No,10.0
24,34,32,113,1,Even,Good,No,6.0
21,22,40,133,5,Uneven,Good,No,7.0
25,5,17,161,3,Even,Poor,Yes,9.0
37,3,36,60,6,Even,Good,Yes,7.0
46,17,40,39,2,Even,Poor,No,7.0
27,8,41,127,9,Uneven,Good,Yes,10.0
51,28,30,135,6,Even,Poor,No,6.0
43,12,26,108,7,Even,Good,No,4.0
58,16,8,11,5,Uneven,Good,No,6.0
20,31,35,31,9,Uneven,Poor,No,8.0
23,21,22,5,1,Uneven,Good,Yes,3.0
22,3,42,176,5,Even,Poor,Yes,9.0
22,4,28,91,6,Uneven,Good,No,9.0
40,12,27,45,7,Even,Poor,No,8.0
26,33,26,127,4,Even,Good,No,9.0
52,21,6,79,1,Uneven,Good,No,6.0
37,22,35,46,8,Even,Good,No,4.0
59,2,15,121,4,Even,Poor,Yes,4.0
52,33,32,165,3,Even,Poor,No,8.0
35,31,36,67,7,Even,Poor,No,9.0
34,20,9,169,2,Uneven,Poor,Yes,10.0
41,20,42,131,8,Even,Poor,Yes,8.0
20,10,14,137,6,Uneven,Good,Yes,8.0
49,3,44,52,7,Even,Good,Yes,4.0
52,0,28,7,5,Even,Good,Yes,1.0
55,27,39,120,9,Uneven,Good,Yes,6.0
30,23,48,179,5,Even,Good,Yes,4.0
42,34,27,103,5,Even,Poor,Yes,10.0
26,12,21,120,3,Even,Good,Yes,4.0
21,33,5,18,1,Even,Poor,No,3.0
31,10,35,116,2,Even,Good,Yes,7.0
54,16,35,65,8,Even,Poor,No,8.0
51,34,46,163,1,Uneven,Poor,No,10.0
28,17,46,99,7,Uneven,Poor,No,10.0
58,21,38,21,5,Uneven,Good,No,4.0
20,23,13,128,3,Even,Good,No,5.0
45,18,26,28,7,Even,Good,No,4.0
46,20,17,120,9,Even,Good,No,7.0
26,7,29,155,2,Uneven,Poor,No,10.0
20,27,22,86,8,Even,Poor,Yes,8.0
42,4,16,54,9,Uneven,Poor,No,9.0
51,16,44,83,3,Even,Poor,No,8.0
29,18,21,83,2,Even,Good,No,7.0
59,26,19,74,7,Even,Poor,No,8.0
26,33,46,31,5,Uneven,Good,Yes,4.0
32,10,19,19,5,Even,Poor,No,7.0
57,11,19,54,5,Uneven,Poor,Yes,5.0
42,20,43,40,4,Even,Poor,Yes,3.0
22,10,17,12,5,Even,Good,No,3.0
28,27,21,83,4,Uneven,Good,No,8.0
51,4,36,135,6,Even,Poor,Yes,6.0
41,16,13,51,4,Even,Poor,No,5.0
32,19,44,109,2,Even,Poor,No,10.0
55,11,24,102,9,Even,Good,Yes,7.0
25,5,30,100,2,Uneven,Good,Yes,8.0
22,16,31,164,9,Uneven,Good,No,10.0
43,18,25,120,6,Even,Poor,No,5.0
35,25,22,17,9,Even,Good,No,5.0
23,31,17,5,9,Uneven,Poor,Yes,5.0
54,5,20,38,3,Even,Good,No,7.0
30,10,13,83,1,Uneven,Poor,Yes,6.0
45,32,16,82,1,Even,Poor,Yes,4.0
22,23,48,125,3,Uneven,Good,No,6.0
30,22,42,97,5,Uneven,Poor,Yes,6.0
34,14,23,102,3,Uneven,Poor,No,7.0
57,26,11,86,9,Uneven,Poor,No,7.0
49,10,39,163,9,Even,Good,Yes,8.0
46,16,22,157,3,Even,Poor,No,10.0
20,13,20,42,3,Uneven,Good,Yes,5.0
57,26,43,18,5,Uneven,Good,Yes,2.0
51,17,8,140,2,Uneven,Poor,No,10.0
57,27,29,95,6,Uneven,Good,No,10.0
44,3,36,58,7,Even,Poor,No,5.0
30,6,44,134,9,Uneven,Good,No,9.0
50,34,17,105,6,Uneven,Poor,Yes,8.0
23,8,49,93,3,Uneven,Good,Yes,6.0
41,7,21,60,5,Uneven,Poor,Yes,8.0
36,16,41,98,4,Uneven,Poor,No,9.0
33,16,10,97,5,Uneven,Poor,Yes,9.0
57,32,23,88,8,Uneven,Poor,Yes,7.0
45,31,17,89,8,Even,Good,No,4.0
50,7,30,26,6,Uneven,Good,No,6.0
58,18,18,39,1,Uneven,Poor,No,6.0
30,2,35,20,8,Uneven,Good,Yes,8.0
42,4,8,54,8,Even,Poor,No,6.0
59,12,43,126,2,Even,Poor,Yes,7.0
53,30,12,132,4,Even,Good,Yes,7.0
44,15,29,117,2,Uneven,Good,Yes,6.0
55,31,17,175,4,Uneven,Poor,Yes,6.0
24,21,36,21,7,Uneven,Good,Yes,4.0
22,28,42,84,9,Even,Poor,No,8.0
48,21,42,134,8,Uneven,Good,Yes,8.0
40,2,32,136,9,Even,Good,No,10.0
59,9,34,89,8,Even,Good,Yes,6.0
27,20,7,171,2,Even,Good,Yes,6.0
49,15,32,98,7,Even,Good,No,10.0
47,11,7,138,2,Even,Poor,Yes,9.0
56,1,49,85,2,Uneven,Good,Yes,9.0
48,23,38,73,4,Uneven,Good,No,8.0
35,34,20,73,1,Even,Poor,No,6.0
53,29,26,152,5,Uneven,Poor,Yes,10.0
